{"initial_reset_timestamp": 1649532857.0153549, "timestamps": [1649532859.8018134, 1649532862.3281713, 1649532864.2843003, 1649532866.1880515, 1649532868.2135432, 1649532870.3244903, 1649532872.2634478, 1649532874.181948, 1649532876.2039816, 1649532878.1959515, 1649532880.107535, 1649532882.023123, 1649532883.956577, 1649532885.8567965, 1649532887.793674, 1649532889.7131245, 1649532891.6323524, 1649532893.5440164, 1649532895.4771574, 1649532897.3804848, 1649532899.2996209, 1649532901.2171628, 1649532903.1469061, 1649532905.0695355, 1649532906.9907658, 1649532908.912997, 1649532910.8249795, 1649532912.7351394, 1649532914.6544194, 1649532916.5881193, 1649532918.5132744, 1649532920.4479616, 1649532922.3549316, 1649532924.2820332, 1649532926.213363, 1649532928.195239, 1649532930.2221186, 1649532932.2229984, 1649532934.1572256, 1649532936.0856192, 1649532938.0149574, 1649532939.956324, 1649532941.866759, 1649532943.82239, 1649532945.7338812, 1649532947.6623998, 1649532949.589069, 1649532951.6105003, 1649532954.063224, 1649532956.061361, 1649532958.070071, 1649532960.1969163, 1649532962.198866, 1649532964.4796717, 1649532966.9034867, 1649532969.5689912, 1649532972.1978374, 1649532974.7227893, 1649532977.330502, 1649532979.5147948, 1649532981.7744892, 1649532984.245108, 1649532986.417851, 1649532988.661282, 1649532990.9269829, 1649532993.1177733, 1649532995.4069593, 1649532997.3970852, 1649532999.4371407, 1649533001.405706, 1649533003.3908007, 1649533005.3970528, 1649533007.569873, 1649533009.5880363, 1649533011.669225, 1649533013.6985953, 1649533015.73531, 1649533017.763469, 1649533019.7839818, 1649533022.019331, 1649533024.615624, 1649533027.187746, 1649533029.6394992, 1649533031.799516, 1649533034.056321, 1649533036.3178532, 1649533038.528276, 1649533040.867185, 1649533043.0696492, 1649533045.4958315, 1649533048.950391, 1649533051.395159, 1649533054.0821826, 1649533056.2765236, 1649533058.9931338, 1649533061.8044508, 1649533064.1949728, 1649533067.0655124, 1649533070.1246533, 1649533072.23893, 1649533075.2663298, 1649533077.6363614, 1649533079.8290648, 1649533082.0048265, 1649533084.3136148, 1649533086.931288, 1649533089.5840414, 1649533092.0987027, 1649533094.6029286, 1649533097.0394933, 1649533100.466681, 1649533102.6926892, 1649533104.8544247, 1649533106.9866667, 1649533109.2020674, 1649533111.2238622, 1649533113.3877614, 1649533115.4041822, 1649533117.4094276, 1649533119.4066267, 1649533121.3769696, 1649533123.3796058, 1649533125.369067, 1649533127.3968098, 1649533129.4695513, 1649533131.5249903, 1649533133.5794072, 1649533135.6251705, 1649533137.883705, 1649533140.4202783, 1649533142.4802356, 1649533144.6313295, 1649533147.7101092, 1649533150.721309, 1649533153.6015031, 1649533156.6236928, 1649533159.919497, 1649533163.2542508, 1649533167.1371326, 1649533170.2705238, 1649533173.1223981, 1649533176.3049521, 1649533179.620428, 1649533182.9533908, 1649533186.1606266, 1649533189.2661107, 1649533192.517389, 1649533195.771019, 1649533199.0160425, 1649533202.6013937, 1649533205.8165472, 1649533209.5480235, 1649533212.5719213, 1649533215.3795328, 1649533217.9307919, 1649533220.5503116, 1649533222.990504, 1649533225.322756, 1649533227.8830135, 1649533230.7623003, 1649533233.589983, 1649533236.0491374, 1649533238.6539629, 1649533241.101949, 1649533243.3774645, 1649533245.6379437, 1649533248.0638053, 1649533250.6966891, 1649533252.8434916, 1649533254.9520533, 1649533257.0861344, 1649533259.2224092, 1649533261.5473568, 1649533263.8103096, 1649533265.8104775, 1649533267.8513923, 1649533270.2788289, 1649533272.3463519, 1649533274.5604894, 1649533276.573819, 1649533279.187312, 1649533281.6232314, 1649533283.9728117, 1649533286.3093011, 1649533288.796014, 1649533290.8854716, 1649533293.362986, 1649533295.7606966, 1649533297.9173248, 1649533300.3269904, 1649533303.0496318, 1649533305.8032048, 1649533308.6050448, 1649533311.8948343, 1649533315.2956364, 1649533318.6119387, 1649533321.8805158, 1649533325.2351081, 1649533328.3989463, 1649533330.9324512], "episode_lengths": [200, 200, 200, 200, 200, 200, 200, 200, 200, 200, 200, 200, 200, 200, 200, 200, 200, 200, 200, 200, 200, 200, 200, 200, 200, 200, 200, 200, 200, 200, 200, 200, 200, 200, 200, 200, 200, 200, 200, 200, 200, 200, 200, 200, 200, 200, 200, 200, 200, 200, 200, 200, 200, 200, 200, 200, 200, 200, 200, 200, 200, 200, 200, 200, 200, 200, 200, 200, 200, 200, 200, 200, 200, 200, 200, 200, 200, 200, 200, 200, 200, 200, 200, 200, 200, 200, 200, 200, 200, 200, 200, 200, 200, 200, 200, 200, 200, 200, 200, 200, 200, 200, 200, 200, 200, 200, 200, 200, 200, 200, 200, 200, 200, 200, 200, 200, 200, 200, 200, 200, 200, 200, 200, 200, 200, 200, 200, 200, 200, 200, 200, 200, 200, 200, 200, 200, 200, 200, 200, 200, 200, 200, 200, 200, 200, 200, 200, 200, 200, 200, 200, 200, 200, 200, 200, 200, 200, 200, 200, 200, 200, 200, 200, 200, 200, 200, 200, 200, 200, 200, 200, 200, 200, 200, 200, 200, 200, 200, 200, 200, 200, 200, 200, 200, 200, 200, 200, 200, 200, 200, 200, 200, 200, 200, 200, 200, 200, 200, 200, 200],